{"cameraMode":{"drawMode":0,"name":"Shaded","section":"Shading Mode"},"sceneLighting":true,"audioPlay":false,"sceneViewState":{"showFog":true,"showMaterialUpdate":false,"showSkybox":true,"showFlares":true,"showImageEffects":true,"showParticleSystems":true},"in2DMode":false,"pivot":{"x":1.6000001430511475,"y":1.6700000762939454,"z":120.69999694824219},"rotation":{"x":-0.05057177692651749,"y":0.34895673394203188,"z":-0.018862145021557809,"w":-0.935583233833313},"size":35.91386032104492,"orthographic":false}